Epoch,Train_Loss,Validation_Loss,Dice_Metric,Hausdorff_Metric,Epoch_Duration
5,0.8936055914758108,0.8850924310044315,0.23358804966818178,31.17065866092006,6977 milliseconds
10,0.7989003398422562,0.7763802330195289,0.4262542555787968,21.570143637431062,6055 milliseconds
15,0.6795951363809619,0.7454613463532078,0.350945336861433,26.966238571080783,6731 milliseconds
