Epoch,Train_Loss,Validation_Loss,Dice_Metric,Hausdorff_Metric,Epoch_Duration
5,0.9223182794185301,0.9229658875367791,0.173606192648472,40.517266554824786,6617 milliseconds
10,0.8457635144275268,0.8432932695236559,0.31797696667004416,27.366485621299915,6317 milliseconds
15,0.7262074416585118,0.738628995134695,0.41234071069810196,24.172804673167004,5989 milliseconds
20,0.5844157098675347,0.6179879685598235,0.5217568903473816,18.2300053873276,6228 milliseconds
25,0.48289913880095153,0.4465910912052805,0.6284942741973664,15.285510810065006,6840 milliseconds
30,0.418030971073532,0.3862015084192759,0.6620260481569968,15.640502937051712,5825 milliseconds
35,0.3852656684121845,0.41884094310832687,0.6103704960710941,15.517486125327792,5617 milliseconds
40,0.30923542766485956,0.3376778891579194,0.6856067462760013,13.741402558451304,6057 milliseconds
