Epoch,Train_Loss,Validation_Loss,Dice_Metric,Hausdorff_Metric,Epoch_Duration
5,0.9087294747515988,0.896301605042075,0.2236216586421503,60.6553635920901,6731 milliseconds
10,0.8152464231528073,0.8000086250133158,0.3685982373090183,26.797386737979043,7574 milliseconds
15,0.6903177123766036,0.6714783294198421,0.4880385541027533,38.78111418213827,8237 milliseconds
20,0.6209432813403348,0.6598579958904303,0.3940829984870486,25.208206434349155,7233 milliseconds
